group,run_id,run_time,topic_slug,topic_cn,original_path,organized_path,file_name,organized_file_name,file_extension,file_size_bytes,notes
latest_entrypoint,latest,latest,latest_experimental_analysis_base_panel,最新入口文件,data/panel/experimental_analysis/latest_experimental_analysis_base_panel_2019_2024.csv,organized_outputs/latest_entrypoints/latest__latest_experimental_analysis_base_panel__latest_experimental_analysis_base_panel_2019_2024.csv,latest_experimental_analysis_base_panel_2019_2024.csv,latest__latest_experimental_analysis_base_panel__latest_experimental_analysis_base_panel_2019_2024.csv,.csv,7037,
latest_entrypoint,latest,latest,latest_experimental_analysis_summary_report,最新入口文件,data/audit/experimental_analysis/latest_experimental_analysis_summary_report.md,organized_outputs/latest_entrypoints/latest__latest_experimental_analysis_summary_report__latest_experimental_analysis_summary_report.md,latest_experimental_analysis_summary_report.md,latest__latest_experimental_analysis_summary_report__latest_experimental_analysis_summary_report.md,.md,5077,
latest_entrypoint,latest,latest,latest_experimental_caliber_test_report,最新入口文件,data/audit/experimental_caliber_tests/latest_experimental_caliber_test_report.md,organized_outputs/latest_entrypoints/latest__latest_experimental_caliber_test_report__latest_experimental_caliber_test_report.md,latest_experimental_caliber_test_report.md,latest__latest_experimental_caliber_test_report__latest_experimental_caliber_test_report.md,.md,8183,
latest_entrypoint,latest,latest,latest_experimental_caliber_test_results,最新入口文件,outputs/tables/experimental_caliber_tests/latest_experimental_caliber_test_results.xlsx,organized_outputs/latest_entrypoints/latest__latest_experimental_caliber_test_results__latest_experimental_caliber_test_results.xlsx,latest_experimental_caliber_test_results.xlsx,latest__latest_experimental_caliber_test_results__latest_experimental_caliber_test_results.xlsx,.xlsx,15288,
latest_entrypoint,latest,latest,latest_hqu_campus_verification_report,最新入口文件,data/audit/e_system_recheck/latest_hqu_2019_2024_campus_verification_report.md,organized_outputs/latest_entrypoints/latest__latest_hqu_campus_verification_report__latest_hqu_2019_2024_campus_verification_report.md,latest_hqu_2019_2024_campus_verification_report.md,latest__latest_hqu_campus_verification_report__latest_hqu_2019_2024_campus_verification_report.md,.md,6249,
latest_entrypoint,latest,latest,latest_hqu_campus_verification_table,最新入口文件,data/interim/e_system_recheck/latest_hqu_2019_2024_ai_major_campus_verification.xlsx,organized_outputs/latest_entrypoints/latest__latest_hqu_campus_verification_table__latest_hqu_2019_2024_ai_major_campus_verification.xlsx,latest_hqu_2019_2024_ai_major_campus_verification.xlsx,latest__latest_hqu_campus_verification_table__latest_hqu_2019_2024_ai_major_campus_verification.xlsx,.xlsx,17515,
latest_entrypoint,latest,latest,latest_i_system_quanzhou_collection_report,最新入口文件,data/audit/i_system_upgrade/latest_i_system_upgrade_quanzhou_2019_2020_collection_report.md,organized_outputs/latest_entrypoints/latest__latest_i_system_quanzhou_collection_report__latest_i_system_upgrade_quanzhou_2019_2020_collection_report.md,latest_i_system_upgrade_quanzhou_2019_2020_collection_report.md,latest__latest_i_system_quanzhou_collection_report__latest_i_system_upgrade_quanzhou_2019_2020_collection_report.md,.md,7369,
latest_entrypoint,latest,latest,latest_i_system_upgrade_inventory,最新入口文件,data/audit/i_system_upgrade/latest_i_system_upgrade_existing_data_inventory.xlsx,organized_outputs/latest_entrypoints/latest__latest_i_system_upgrade_inventory__latest_i_system_upgrade_existing_data_inventory.xlsx,latest_i_system_upgrade_existing_data_inventory.xlsx,latest__latest_i_system_upgrade_inventory__latest_i_system_upgrade_existing_data_inventory.xlsx,.xlsx,11947,
latest_entrypoint,latest,latest,latest_quanzhou_hqu_candidate,最新入口文件,data/panel/e_system_recheck/latest_quanzhou_2019_2024_E_B_hqu_quanzhou_candidate.xlsx,organized_outputs/latest_entrypoints/latest__latest_quanzhou_hqu_candidate__latest_quanzhou_2019_2024_E_B_hqu_quanzhou_candidate.xlsx,latest_quanzhou_2019_2024_E_B_hqu_quanzhou_candidate.xlsx,latest__latest_quanzhou_hqu_candidate__latest_quanzhou_2019_2024_E_B_hqu_quanzhou_candidate.xlsx,.xlsx,10562,
latest_entrypoint,latest,latest,latest_system_boundary_mapping_template,最新入口文件,data/interim/system_boundary_audit/latest_system_boundary_corrected_mapping_template.xlsx,organized_outputs/latest_entrypoints/latest__latest_system_boundary_mapping_template__latest_system_boundary_corrected_mapping_template.xlsx,latest_system_boundary_corrected_mapping_template.xlsx,latest__latest_system_boundary_mapping_template__latest_system_boundary_corrected_mapping_template.xlsx,.xlsx,8379,
latest_entrypoint,latest,latest,latest_system_boundary_report,最新入口文件,data/audit/system_boundary_audit/latest_system_boundary_audit_report.md,organized_outputs/latest_entrypoints/latest__latest_system_boundary_report__latest_system_boundary_audit_report.md,latest_system_boundary_audit_report.md,latest__latest_system_boundary_report__latest_system_boundary_audit_report.md,.md,6326,
latest_entrypoint,latest,latest,latest_system_boundary_report_v2,最新入口文件,data/audit/system_boundary_audit/latest_system_boundary_audit_report_v2.md,organized_outputs/latest_entrypoints/latest__latest_system_boundary_report_v2__latest_system_boundary_audit_report_v2.md,latest_system_boundary_audit_report_v2.md,latest__latest_system_boundary_report_v2__latest_system_boundary_audit_report_v2.md,.md,2352,
latest_entrypoint,latest,latest,latest_three_city_EB_completed_panel,最新入口文件,data/panel/e_system_recheck/latest_E_B_three_city_2019_2024_completed_panel.xlsx,organized_outputs/latest_entrypoints/latest__latest_three_city_EB_completed_panel__latest_E_B_three_city_2019_2024_completed_panel.xlsx,latest_E_B_three_city_2019_2024_completed_panel.xlsx,latest__latest_three_city_EB_completed_panel__latest_E_B_three_city_2019_2024_completed_panel.xlsx,.xlsx,15599,
latest_entrypoint,latest,latest,latest_xiamen_2022_EB_candidates,最新入口文件,data/interim/e_system_recheck/latest_xiamen_2022_E_B_candidates.xlsx,organized_outputs/latest_entrypoints/latest__latest_xiamen_2022_EB_candidates__latest_xiamen_2022_E_B_candidates.xlsx,latest_xiamen_2022_E_B_candidates.xlsx,latest__latest_xiamen_2022_EB_candidates__latest_xiamen_2022_E_B_candidates.xlsx,.xlsx,43753,
latest_entrypoint,latest,latest,latest_xiamen_2022_EB_recheck_report,最新入口文件,data/audit/e_system_recheck/latest_xiamen_2022_E_B_recheck_report.md,organized_outputs/latest_entrypoints/latest__latest_xiamen_2022_EB_recheck_report__latest_xiamen_2022_E_B_recheck_report.md,latest_xiamen_2022_E_B_recheck_report.md,latest__latest_xiamen_2022_EB_recheck_report__latest_xiamen_2022_E_B_recheck_report.md,.md,4626,
latest_entrypoint,latest,latest,latest_xiamen_2022_EB_summary,最新入口文件,data/panel/e_system_recheck/latest_xiamen_2022_E_B_city_year_summary.xlsx,organized_outputs/latest_entrypoints/latest__latest_xiamen_2022_EB_summary__latest_xiamen_2022_E_B_city_year_summary.xlsx,latest_xiamen_2022_E_B_city_year_summary.xlsx,latest__latest_xiamen_2022_EB_summary__latest_xiamen_2022_E_B_city_year_summary.xlsx,.xlsx,9853,
latest_entrypoint,latest,latest,latest_xiamen_hqu_reclassified,最新入口文件,data/panel/e_system_recheck/latest_xiamen_2019_2024_E_B_reclassified_by_hqu_campus.xlsx,organized_outputs/latest_entrypoints/latest__latest_xiamen_hqu_reclassified__latest_xiamen_2019_2024_E_B_reclassified_by_hqu_campus.xlsx,latest_xiamen_2019_2024_E_B_reclassified_by_hqu_campus.xlsx,latest__latest_xiamen_hqu_reclassified__latest_xiamen_2019_2024_E_B_reclassified_by_hqu_campus.xlsx,.xlsx,17162,
run_id_archive,20260605_182207,2026-06-05_18-22-07,experimental_ccd_initial_failed_run,实验性 CCD 初跑/失败记录,data/audit/experimental_analysis/20260605_182207/experimental_data_assets_check_20260605_182207.xlsx,organized_outputs/by_time_and_topic/2026-06-05_18-22-07__experimental_ccd_initial_failed_run/2026-06-05_18-22-07__experimental_ccd_initial_failed_run__experimental_data_assets_check_20260605_182207.xlsx,experimental_data_assets_check_20260605_182207.xlsx,2026-06-05_18-22-07__experimental_ccd_initial_failed_run__experimental_data_assets_check_20260605_182207.xlsx,.xlsx,9104,
run_id_archive,20260605_182207,2026-06-05_18-22-07,experimental_ccd_initial_failed_run,实验性 CCD 初跑/失败记录,data/audit/experimental_analysis/20260605_182207/experimental_failed_run_note_20260605_182207.md,organized_outputs/by_time_and_topic/2026-06-05_18-22-07__experimental_ccd_initial_failed_run/2026-06-05_18-22-07__experimental_ccd_initial_failed_run__experimental_failed_run_note_20260605_182207.md,experimental_failed_run_note_20260605_182207.md,2026-06-05_18-22-07__experimental_ccd_initial_failed_run__experimental_failed_run_note_20260605_182207.md,.md,493,
run_id_archive,20260605_182207,2026-06-05_18-22-07,experimental_ccd_initial_failed_run,实验性 CCD 初跑/失败记录,data/audit/experimental_analysis/20260605_182207/experimental_missing_and_outlier_check_20260605_182207.xlsx,organized_outputs/by_time_and_topic/2026-06-05_18-22-07__experimental_ccd_initial_failed_run/2026-06-05_18-22-07__experimental_ccd_initial_failed_run__experimental_missing_and_outlier_check_20260605_182207.xlsx,experimental_missing_and_outlier_check_20260605_182207.xlsx,2026-06-05_18-22-07__experimental_ccd_initial_failed_run__experimental_missing_and_outlier_check_20260605_182207.xlsx,.xlsx,9610,
run_id_archive,20260605_182207,2026-06-05_18-22-07,experimental_ccd_initial_failed_run,实验性 CCD 初跑/失败记录,data/panel/experimental_analysis/20260605_182207/experimental_analysis_base_panel_2019_2024_20260605_182207.csv,organized_outputs/by_time_and_topic/2026-06-05_18-22-07__experimental_ccd_initial_failed_run/2026-06-05_18-22-07__experimental_ccd_initial_failed_run__experimental_analysis_base_panel_2019_2024_20260605_182207.csv,experimental_analysis_base_panel_2019_2024_20260605_182207.csv,2026-06-05_18-22-07__experimental_ccd_initial_failed_run__experimental_analysis_base_panel_2019_2024_20260605_182207.csv,.csv,7037,
run_id_archive,20260605_182207,2026-06-05_18-22-07,experimental_ccd_initial_failed_run,实验性 CCD 初跑/失败记录,outputs/figures/experimental_analysis/20260605_182207/experimental_CCD_D_trend_by_city_20260605_182207.png,organized_outputs/by_time_and_topic/2026-06-05_18-22-07__experimental_ccd_initial_failed_run/2026-06-05_18-22-07__experimental_ccd_initial_failed_run__experimental_CCD_D_trend_by_city_20260605_182207.png,experimental_CCD_D_trend_by_city_20260605_182207.png,2026-06-05_18-22-07__experimental_ccd_initial_failed_run__experimental_CCD_D_trend_by_city_20260605_182207.png,.png,112595,
run_id_archive,20260605_182207,2026-06-05_18-22-07,experimental_ccd_initial_failed_run,实验性 CCD 初跑/失败记录,outputs/figures/experimental_analysis/20260605_182207/experimental_CCD_heatmap_city_year_20260605_182207.png,organized_outputs/by_time_and_topic/2026-06-05_18-22-07__experimental_ccd_initial_failed_run/2026-06-05_18-22-07__experimental_ccd_initial_failed_run__experimental_CCD_heatmap_city_year_20260605_182207.png,experimental_CCD_heatmap_city_year_20260605_182207.png,2026-06-05_18-22-07__experimental_ccd_initial_failed_run__experimental_CCD_heatmap_city_year_20260605_182207.png,.png,96067,
run_id_archive,20260605_182207,2026-06-05_18-22-07,experimental_ccd_initial_failed_run,实验性 CCD 初跑/失败记录,outputs/figures/experimental_analysis/20260605_182207/experimental_E_I_index_trend_by_city_20260605_182207.png,organized_outputs/by_time_and_topic/2026-06-05_18-22-07__experimental_ccd_initial_failed_run/2026-06-05_18-22-07__experimental_ccd_initial_failed_run__experimental_E_I_index_trend_by_city_20260605_182207.png,experimental_E_I_index_trend_by_city_20260605_182207.png,2026-06-05_18-22-07__experimental_ccd_initial_failed_run__experimental_E_I_index_trend_by_city_20260605_182207.png,.png,205726,
run_id_archive,20260605_182207,2026-06-05_18-22-07,experimental_ccd_initial_failed_run,实验性 CCD 初跑/失败记录,outputs/figures/experimental_analysis/20260605_182207/experimental_E_vs_I_scatter_20260605_182207.png,organized_outputs/by_time_and_topic/2026-06-05_18-22-07__experimental_ccd_initial_failed_run/2026-06-05_18-22-07__experimental_ccd_initial_failed_run__experimental_E_vs_I_scatter_20260605_182207.png,experimental_E_vs_I_scatter_20260605_182207.png,2026-06-05_18-22-07__experimental_ccd_initial_failed_run__experimental_E_vs_I_scatter_20260605_182207.png,.png,77395,
run_id_archive,20260605_182207,2026-06-05_18-22-07,experimental_ccd_initial_failed_run,实验性 CCD 初跑/失败记录,outputs/tables/experimental_analysis/20260605_182207/experimental_descriptive_statistics_20260605_182207.xlsx,organized_outputs/by_time_and_topic/2026-06-05_18-22-07__experimental_ccd_initial_failed_run/2026-06-05_18-22-07__experimental_ccd_initial_failed_run__experimental_descriptive_statistics_20260605_182207.xlsx,experimental_descriptive_statistics_20260605_182207.xlsx,2026-06-05_18-22-07__experimental_ccd_initial_failed_run__experimental_descriptive_statistics_20260605_182207.xlsx,.xlsx,9061,
run_id_archive,20260605_182207,2026-06-05_18-22-07,experimental_ccd_initial_failed_run,实验性 CCD 初跑/失败记录,outputs/tables/experimental_analysis/20260605_182207/experimental_regression_panel_20260605_182207.xlsx,organized_outputs/by_time_and_topic/2026-06-05_18-22-07__experimental_ccd_initial_failed_run/2026-06-05_18-22-07__experimental_ccd_initial_failed_run__experimental_regression_panel_20260605_182207.xlsx,experimental_regression_panel_20260605_182207.xlsx,2026-06-05_18-22-07__experimental_ccd_initial_failed_run__experimental_regression_panel_20260605_182207.xlsx,.xlsx,9361,
run_id_archive,20260605_182207,2026-06-05_18-22-07,experimental_ccd_initial_failed_run,实验性 CCD 初跑/失败记录,outputs/tables/experimental_analysis/20260605_182207/experimental_regression_results_20260605_182207.xlsx,organized_outputs/by_time_and_topic/2026-06-05_18-22-07__experimental_ccd_initial_failed_run/2026-06-05_18-22-07__experimental_ccd_initial_failed_run__experimental_regression_results_20260605_182207.xlsx,experimental_regression_results_20260605_182207.xlsx,2026-06-05_18-22-07__experimental_ccd_initial_failed_run__experimental_regression_results_20260605_182207.xlsx,.xlsx,10709,
run_id_archive,20260605_182254,2026-06-05_18-22-54,experimental_ccd_analysis_run,实验性 CCD 正式分析,data/audit/experimental_analysis/20260605_182254/experimental_analysis_summary_report_20260605_182254.md,organized_outputs/by_time_and_topic/2026-06-05_18-22-54__experimental_ccd_analysis_run/2026-06-05_18-22-54__experimental_ccd_analysis_run__experimental_analysis_summary_report_20260605_182254.md,experimental_analysis_summary_report_20260605_182254.md,2026-06-05_18-22-54__experimental_ccd_analysis_run__experimental_analysis_summary_report_20260605_182254.md,.md,5077,
run_id_archive,20260605_182254,2026-06-05_18-22-54,experimental_ccd_analysis_run,实验性 CCD 正式分析,data/audit/experimental_analysis/20260605_182254/experimental_data_assets_check_20260605_182254.xlsx,organized_outputs/by_time_and_topic/2026-06-05_18-22-54__experimental_ccd_analysis_run/2026-06-05_18-22-54__experimental_ccd_analysis_run__experimental_data_assets_check_20260605_182254.xlsx,experimental_data_assets_check_20260605_182254.xlsx,2026-06-05_18-22-54__experimental_ccd_analysis_run__experimental_data_assets_check_20260605_182254.xlsx,.xlsx,9105,
run_id_archive,20260605_182254,2026-06-05_18-22-54,experimental_ccd_analysis_run,实验性 CCD 正式分析,data/audit/experimental_analysis/20260605_182254/experimental_missing_and_outlier_check_20260605_182254.xlsx,organized_outputs/by_time_and_topic/2026-06-05_18-22-54__experimental_ccd_analysis_run/2026-06-05_18-22-54__experimental_ccd_analysis_run__experimental_missing_and_outlier_check_20260605_182254.xlsx,experimental_missing_and_outlier_check_20260605_182254.xlsx,2026-06-05_18-22-54__experimental_ccd_analysis_run__experimental_missing_and_outlier_check_20260605_182254.xlsx,.xlsx,9611,
run_id_archive,20260605_182254,2026-06-05_18-22-54,experimental_ccd_analysis_run,实验性 CCD 正式分析,data/audit/experimental_analysis/20260605_182254/experimental_regression_report_20260605_182254.md,organized_outputs/by_time_and_topic/2026-06-05_18-22-54__experimental_ccd_analysis_run/2026-06-05_18-22-54__experimental_ccd_analysis_run__experimental_regression_report_20260605_182254.md,experimental_regression_report_20260605_182254.md,2026-06-05_18-22-54__experimental_ccd_analysis_run__experimental_regression_report_20260605_182254.md,.md,1614,
run_id_archive,20260605_182254,2026-06-05_18-22-54,experimental_ccd_analysis_run,实验性 CCD 正式分析,data/audit/experimental_analysis/20260605_182254/experimental_run_manifest_20260605_182254.json,organized_outputs/by_time_and_topic/2026-06-05_18-22-54__experimental_ccd_analysis_run/2026-06-05_18-22-54__experimental_ccd_analysis_run__experimental_run_manifest_20260605_182254.json,experimental_run_manifest_20260605_182254.json,2026-06-05_18-22-54__experimental_ccd_analysis_run__experimental_run_manifest_20260605_182254.json,.json,5479,
run_id_archive,20260605_182254,2026-06-05_18-22-54,experimental_ccd_analysis_run,实验性 CCD 正式分析,data/panel/experimental_analysis/20260605_182254/experimental_analysis_base_panel_2019_2024_20260605_182254.csv,organized_outputs/by_time_and_topic/2026-06-05_18-22-54__experimental_ccd_analysis_run/2026-06-05_18-22-54__experimental_ccd_analysis_run__experimental_analysis_base_panel_2019_2024_20260605_182254.csv,experimental_analysis_base_panel_2019_2024_20260605_182254.csv,2026-06-05_18-22-54__experimental_ccd_analysis_run__experimental_analysis_base_panel_2019_2024_20260605_182254.csv,.csv,7037,
run_id_archive,20260605_182254,2026-06-05_18-22-54,experimental_ccd_analysis_run,实验性 CCD 正式分析,outputs/figures/experimental_analysis/20260605_182254/experimental_CCD_D_trend_by_city_20260605_182254.png,organized_outputs/by_time_and_topic/2026-06-05_18-22-54__experimental_ccd_analysis_run/2026-06-05_18-22-54__experimental_ccd_analysis_run__experimental_CCD_D_trend_by_city_20260605_182254.png,experimental_CCD_D_trend_by_city_20260605_182254.png,2026-06-05_18-22-54__experimental_ccd_analysis_run__experimental_CCD_D_trend_by_city_20260605_182254.png,.png,112595,
run_id_archive,20260605_182254,2026-06-05_18-22-54,experimental_ccd_analysis_run,实验性 CCD 正式分析,outputs/figures/experimental_analysis/20260605_182254/experimental_CCD_heatmap_city_year_20260605_182254.png,organized_outputs/by_time_and_topic/2026-06-05_18-22-54__experimental_ccd_analysis_run/2026-06-05_18-22-54__experimental_ccd_analysis_run__experimental_CCD_heatmap_city_year_20260605_182254.png,experimental_CCD_heatmap_city_year_20260605_182254.png,2026-06-05_18-22-54__experimental_ccd_analysis_run__experimental_CCD_heatmap_city_year_20260605_182254.png,.png,96067,
run_id_archive,20260605_182254,2026-06-05_18-22-54,experimental_ccd_analysis_run,实验性 CCD 正式分析,outputs/figures/experimental_analysis/20260605_182254/experimental_E_I_index_trend_by_city_20260605_182254.png,organized_outputs/by_time_and_topic/2026-06-05_18-22-54__experimental_ccd_analysis_run/2026-06-05_18-22-54__experimental_ccd_analysis_run__experimental_E_I_index_trend_by_city_20260605_182254.png,experimental_E_I_index_trend_by_city_20260605_182254.png,2026-06-05_18-22-54__experimental_ccd_analysis_run__experimental_E_I_index_trend_by_city_20260605_182254.png,.png,205726,
run_id_archive,20260605_182254,2026-06-05_18-22-54,experimental_ccd_analysis_run,实验性 CCD 正式分析,outputs/figures/experimental_analysis/20260605_182254/experimental_E_vs_I_scatter_20260605_182254.png,organized_outputs/by_time_and_topic/2026-06-05_18-22-54__experimental_ccd_analysis_run/2026-06-05_18-22-54__experimental_ccd_analysis_run__experimental_E_vs_I_scatter_20260605_182254.png,experimental_E_vs_I_scatter_20260605_182254.png,2026-06-05_18-22-54__experimental_ccd_analysis_run__experimental_E_vs_I_scatter_20260605_182254.png,.png,77395,
run_id_archive,20260605_182254,2026-06-05_18-22-54,experimental_ccd_analysis_run,实验性 CCD 正式分析,outputs/tables/experimental_analysis/20260605_182254/experimental_descriptive_statistics_20260605_182254.xlsx,organized_outputs/by_time_and_topic/2026-06-05_18-22-54__experimental_ccd_analysis_run/2026-06-05_18-22-54__experimental_ccd_analysis_run__experimental_descriptive_statistics_20260605_182254.xlsx,experimental_descriptive_statistics_20260605_182254.xlsx,2026-06-05_18-22-54__experimental_ccd_analysis_run__experimental_descriptive_statistics_20260605_182254.xlsx,.xlsx,9062,
run_id_archive,20260605_182254,2026-06-05_18-22-54,experimental_ccd_analysis_run,实验性 CCD 正式分析,outputs/tables/experimental_analysis/20260605_182254/experimental_heterogeneity_analysis_20260605_182254.xlsx,organized_outputs/by_time_and_topic/2026-06-05_18-22-54__experimental_ccd_analysis_run/2026-06-05_18-22-54__experimental_ccd_analysis_run__experimental_heterogeneity_analysis_20260605_182254.xlsx,experimental_heterogeneity_analysis_20260605_182254.xlsx,2026-06-05_18-22-54__experimental_ccd_analysis_run__experimental_heterogeneity_analysis_20260605_182254.xlsx,.xlsx,6645,
run_id_archive,20260605_182254,2026-06-05_18-22-54,experimental_ccd_analysis_run,实验性 CCD 正式分析,outputs/tables/experimental_analysis/20260605_182254/experimental_regression_panel_20260605_182254.xlsx,organized_outputs/by_time_and_topic/2026-06-05_18-22-54__experimental_ccd_analysis_run/2026-06-05_18-22-54__experimental_ccd_analysis_run__experimental_regression_panel_20260605_182254.xlsx,experimental_regression_panel_20260605_182254.xlsx,2026-06-05_18-22-54__experimental_ccd_analysis_run__experimental_regression_panel_20260605_182254.xlsx,.xlsx,9362,
run_id_archive,20260605_182254,2026-06-05_18-22-54,experimental_ccd_analysis_run,实验性 CCD 正式分析,outputs/tables/experimental_analysis/20260605_182254/experimental_regression_results_20260605_182254.xlsx,organized_outputs/by_time_and_topic/2026-06-05_18-22-54__experimental_ccd_analysis_run/2026-06-05_18-22-54__experimental_ccd_analysis_run__experimental_regression_results_20260605_182254.xlsx,experimental_regression_results_20260605_182254.xlsx,2026-06-05_18-22-54__experimental_ccd_analysis_run__experimental_regression_results_20260605_182254.xlsx,.xlsx,10710,
run_id_archive,20260605_183928,2026-06-05_18-39-28,experimental_ccd_analysis_rerun_with_docs_check,experimental CCD 文档补齐后复跑/差异比较,data/audit/experimental_analysis/20260605_183928/experimental_analysis_summary_report_20260605_183928.md,organized_outputs/by_time_and_topic/2026-06-05_18-39-28__experimental_ccd_analysis_rerun_with_docs_check/2026-06-05_18-39-28__experimental_ccd_analysis_rerun_with_docs_check__experimental_analysis_summary_report_20260605_183928.md,experimental_analysis_summary_report_20260605_183928.md,2026-06-05_18-39-28__experimental_ccd_analysis_rerun_with_docs_check__experimental_analysis_summary_report_20260605_183928.md,.md,5009,
run_id_archive,20260605_183928,2026-06-05_18-39-28,experimental_ccd_analysis_rerun_with_docs_check,experimental CCD 文档补齐后复跑/差异比较,data/audit/experimental_analysis/20260605_183928/experimental_data_assets_check_20260605_183928.xlsx,organized_outputs/by_time_and_topic/2026-06-05_18-39-28__experimental_ccd_analysis_rerun_with_docs_check/2026-06-05_18-39-28__experimental_ccd_analysis_rerun_with_docs_check__experimental_data_assets_check_20260605_183928.xlsx,experimental_data_assets_check_20260605_183928.xlsx,2026-06-05_18-39-28__experimental_ccd_analysis_rerun_with_docs_check__experimental_data_assets_check_20260605_183928.xlsx,.xlsx,9042,
run_id_archive,20260605_183928,2026-06-05_18-39-28,experimental_ccd_analysis_rerun_with_docs_check,experimental CCD 文档补齐后复跑/差异比较,data/audit/experimental_analysis/20260605_183928/experimental_missing_and_outlier_check_20260605_183928.xlsx,organized_outputs/by_time_and_topic/2026-06-05_18-39-28__experimental_ccd_analysis_rerun_with_docs_check/2026-06-05_18-39-28__experimental_ccd_analysis_rerun_with_docs_check__experimental_missing_and_outlier_check_20260605_183928.xlsx,experimental_missing_and_outlier_check_20260605_183928.xlsx,2026-06-05_18-39-28__experimental_ccd_analysis_rerun_with_docs_check__experimental_missing_and_outlier_check_20260605_183928.xlsx,.xlsx,9611,
run_id_archive,20260605_183928,2026-06-05_18-39-28,experimental_ccd_analysis_rerun_with_docs_check,experimental CCD 文档补齐后复跑/差异比较,data/audit/experimental_analysis/20260605_183928/experimental_regression_report_20260605_183928.md,organized_outputs/by_time_and_topic/2026-06-05_18-39-28__experimental_ccd_analysis_rerun_with_docs_check/2026-06-05_18-39-28__experimental_ccd_analysis_rerun_with_docs_check__experimental_regression_report_20260605_183928.md,experimental_regression_report_20260605_183928.md,2026-06-05_18-39-28__experimental_ccd_analysis_rerun_with_docs_check__experimental_regression_report_20260605_183928.md,.md,1614,
run_id_archive,20260605_183928,2026-06-05_18-39-28,experimental_ccd_analysis_rerun_with_docs_check,experimental CCD 文档补齐后复跑/差异比较,data/audit/experimental_analysis/20260605_183928/experimental_rerun_comparison_20260605_183928.md,organized_outputs/by_time_and_topic/2026-06-05_18-39-28__experimental_ccd_analysis_rerun_with_docs_check/2026-06-05_18-39-28__experimental_ccd_analysis_rerun_with_docs_check__experimental_rerun_comparison_20260605_183928.md,experimental_rerun_comparison_20260605_183928.md,2026-06-05_18-39-28__experimental_ccd_analysis_rerun_with_docs_check__experimental_rerun_comparison_20260605_183928.md,.md,1291,
run_id_archive,20260605_183928,2026-06-05_18-39-28,experimental_ccd_analysis_rerun_with_docs_check,experimental CCD 文档补齐后复跑/差异比较,data/audit/experimental_analysis/20260605_183928/experimental_run_manifest_20260605_183928.json,organized_outputs/by_time_and_topic/2026-06-05_18-39-28__experimental_ccd_analysis_rerun_with_docs_check/2026-06-05_18-39-28__experimental_ccd_analysis_rerun_with_docs_check__experimental_run_manifest_20260605_183928.json,experimental_run_manifest_20260605_183928.json,2026-06-05_18-39-28__experimental_ccd_analysis_rerun_with_docs_check__experimental_run_manifest_20260605_183928.json,.json,5580,
run_id_archive,20260605_183928,2026-06-05_18-39-28,experimental_ccd_analysis_rerun_with_docs_check,experimental CCD 文档补齐后复跑/差异比较,data/panel/experimental_analysis/20260605_183928/experimental_analysis_base_panel_2019_2024_20260605_183928.csv,organized_outputs/by_time_and_topic/2026-06-05_18-39-28__experimental_ccd_analysis_rerun_with_docs_check/2026-06-05_18-39-28__experimental_ccd_analysis_rerun_with_docs_check__experimental_analysis_base_panel_2019_2024_20260605_183928.csv,experimental_analysis_base_panel_2019_2024_20260605_183928.csv,2026-06-05_18-39-28__experimental_ccd_analysis_rerun_with_docs_check__experimental_analysis_base_panel_2019_2024_20260605_183928.csv,.csv,7037,
run_id_archive,20260605_183928,2026-06-05_18-39-28,experimental_ccd_analysis_rerun_with_docs_check,experimental CCD 文档补齐后复跑/差异比较,outputs/figures/experimental_analysis/20260605_183928/experimental_CCD_D_trend_by_city_20260605_183928.png,organized_outputs/by_time_and_topic/2026-06-05_18-39-28__experimental_ccd_analysis_rerun_with_docs_check/2026-06-05_18-39-28__experimental_ccd_analysis_rerun_with_docs_check__experimental_CCD_D_trend_by_city_20260605_183928.png,experimental_CCD_D_trend_by_city_20260605_183928.png,2026-06-05_18-39-28__experimental_ccd_analysis_rerun_with_docs_check__experimental_CCD_D_trend_by_city_20260605_183928.png,.png,112595,
run_id_archive,20260605_183928,2026-06-05_18-39-28,experimental_ccd_analysis_rerun_with_docs_check,experimental CCD 文档补齐后复跑/差异比较,outputs/figures/experimental_analysis/20260605_183928/experimental_CCD_heatmap_city_year_20260605_183928.png,organized_outputs/by_time_and_topic/2026-06-05_18-39-28__experimental_ccd_analysis_rerun_with_docs_check/2026-06-05_18-39-28__experimental_ccd_analysis_rerun_with_docs_check__experimental_CCD_heatmap_city_year_20260605_183928.png,experimental_CCD_heatmap_city_year_20260605_183928.png,2026-06-05_18-39-28__experimental_ccd_analysis_rerun_with_docs_check__experimental_CCD_heatmap_city_year_20260605_183928.png,.png,96067,
run_id_archive,20260605_183928,2026-06-05_18-39-28,experimental_ccd_analysis_rerun_with_docs_check,experimental CCD 文档补齐后复跑/差异比较,outputs/figures/experimental_analysis/20260605_183928/experimental_E_I_index_trend_by_city_20260605_183928.png,organized_outputs/by_time_and_topic/2026-06-05_18-39-28__experimental_ccd_analysis_rerun_with_docs_check/2026-06-05_18-39-28__experimental_ccd_analysis_rerun_with_docs_check__experimental_E_I_index_trend_by_city_20260605_183928.png,experimental_E_I_index_trend_by_city_20260605_183928.png,2026-06-05_18-39-28__experimental_ccd_analysis_rerun_with_docs_check__experimental_E_I_index_trend_by_city_20260605_183928.png,.png,205726,
run_id_archive,20260605_183928,2026-06-05_18-39-28,experimental_ccd_analysis_rerun_with_docs_check,experimental CCD 文档补齐后复跑/差异比较,outputs/figures/experimental_analysis/20260605_183928/experimental_E_vs_I_scatter_20260605_183928.png,organized_outputs/by_time_and_topic/2026-06-05_18-39-28__experimental_ccd_analysis_rerun_with_docs_check/2026-06-05_18-39-28__experimental_ccd_analysis_rerun_with_docs_check__experimental_E_vs_I_scatter_20260605_183928.png,experimental_E_vs_I_scatter_20260605_183928.png,2026-06-05_18-39-28__experimental_ccd_analysis_rerun_with_docs_check__experimental_E_vs_I_scatter_20260605_183928.png,.png,77395,
run_id_archive,20260605_183928,2026-06-05_18-39-28,experimental_ccd_analysis_rerun_with_docs_check,experimental CCD 文档补齐后复跑/差异比较,outputs/tables/experimental_analysis/20260605_183928/experimental_descriptive_statistics_20260605_183928.xlsx,organized_outputs/by_time_and_topic/2026-06-05_18-39-28__experimental_ccd_analysis_rerun_with_docs_check/2026-06-05_18-39-28__experimental_ccd_analysis_rerun_with_docs_check__experimental_descriptive_statistics_20260605_183928.xlsx,experimental_descriptive_statistics_20260605_183928.xlsx,2026-06-05_18-39-28__experimental_ccd_analysis_rerun_with_docs_check__experimental_descriptive_statistics_20260605_183928.xlsx,.xlsx,9062,
run_id_archive,20260605_183928,2026-06-05_18-39-28,experimental_ccd_analysis_rerun_with_docs_check,experimental CCD 文档补齐后复跑/差异比较,outputs/tables/experimental_analysis/20260605_183928/experimental_heterogeneity_analysis_20260605_183928.xlsx,organized_outputs/by_time_and_topic/2026-06-05_18-39-28__experimental_ccd_analysis_rerun_with_docs_check/2026-06-05_18-39-28__experimental_ccd_analysis_rerun_with_docs_check__experimental_heterogeneity_analysis_20260605_183928.xlsx,experimental_heterogeneity_analysis_20260605_183928.xlsx,2026-06-05_18-39-28__experimental_ccd_analysis_rerun_with_docs_check__experimental_heterogeneity_analysis_20260605_183928.xlsx,.xlsx,6645,
run_id_archive,20260605_183928,2026-06-05_18-39-28,experimental_ccd_analysis_rerun_with_docs_check,experimental CCD 文档补齐后复跑/差异比较,outputs/tables/experimental_analysis/20260605_183928/experimental_regression_panel_20260605_183928.xlsx,organized_outputs/by_time_and_topic/2026-06-05_18-39-28__experimental_ccd_analysis_rerun_with_docs_check/2026-06-05_18-39-28__experimental_ccd_analysis_rerun_with_docs_check__experimental_regression_panel_20260605_183928.xlsx,experimental_regression_panel_20260605_183928.xlsx,2026-06-05_18-39-28__experimental_ccd_analysis_rerun_with_docs_check__experimental_regression_panel_20260605_183928.xlsx,.xlsx,9362,
run_id_archive,20260605_183928,2026-06-05_18-39-28,experimental_ccd_analysis_rerun_with_docs_check,experimental CCD 文档补齐后复跑/差异比较,outputs/tables/experimental_analysis/20260605_183928/experimental_regression_results_20260605_183928.xlsx,organized_outputs/by_time_and_topic/2026-06-05_18-39-28__experimental_ccd_analysis_rerun_with_docs_check/2026-06-05_18-39-28__experimental_ccd_analysis_rerun_with_docs_check__experimental_regression_results_20260605_183928.xlsx,experimental_regression_results_20260605_183928.xlsx,2026-06-05_18-39-28__experimental_ccd_analysis_rerun_with_docs_check__experimental_regression_results_20260605_183928.xlsx,.xlsx,10710,
run_id_archive,20260605_184549,2026-06-05_18-45-49,experimental_caliber_tests_and_regression,口径检验与探索性回归,data/audit/experimental_caliber_tests/20260605_184549/experimental_caliber_test_manifest_20260605_184549.json,organized_outputs/by_time_and_topic/2026-06-05_18-45-49__experimental_caliber_tests_and_regression/2026-06-05_18-45-49__experimental_caliber_tests_and_regression__experimental_caliber_test_manifest_20260605_184549.json,experimental_caliber_test_manifest_20260605_184549.json,2026-06-05_18-45-49__experimental_caliber_tests_and_regression__experimental_caliber_test_manifest_20260605_184549.json,.json,4209,
run_id_archive,20260605_184549,2026-06-05_18-45-49,experimental_caliber_tests_and_regression,口径检验与探索性回归,data/audit/experimental_caliber_tests/20260605_184549/experimental_caliber_test_report_20260605_184549.md,organized_outputs/by_time_and_topic/2026-06-05_18-45-49__experimental_caliber_tests_and_regression/2026-06-05_18-45-49__experimental_caliber_tests_and_regression__experimental_caliber_test_report_20260605_184549.md,experimental_caliber_test_report_20260605_184549.md,2026-06-05_18-45-49__experimental_caliber_tests_and_regression__experimental_caliber_test_report_20260605_184549.md,.md,8183,
run_id_archive,20260605_184549,2026-06-05_18-45-49,experimental_caliber_tests_and_regression,口径检验与探索性回归,outputs/figures/experimental_caliber_tests/20260605_184549/experimental_caliber_D_comparison_20260605_184549.png,organized_outputs/by_time_and_topic/2026-06-05_18-45-49__experimental_caliber_tests_and_regression/2026-06-05_18-45-49__experimental_caliber_tests_and_regression__experimental_caliber_D_comparison_20260605_184549.png,experimental_caliber_D_comparison_20260605_184549.png,2026-06-05_18-45-49__experimental_caliber_tests_and_regression__experimental_caliber_D_comparison_20260605_184549.png,.png,107765,
run_id_archive,20260605_184549,2026-06-05_18-45-49,experimental_caliber_tests_and_regression,口径检验与探索性回归,outputs/figures/experimental_caliber_tests/20260605_184549/experimental_caliber_city_mean_D_20260605_184549.png,organized_outputs/by_time_and_topic/2026-06-05_18-45-49__experimental_caliber_tests_and_regression/2026-06-05_18-45-49__experimental_caliber_tests_and_regression__experimental_caliber_city_mean_D_20260605_184549.png,experimental_caliber_city_mean_D_20260605_184549.png,2026-06-05_18-45-49__experimental_caliber_tests_and_regression__experimental_caliber_city_mean_D_20260605_184549.png,.png,119208,
run_id_archive,20260605_184549,2026-06-05_18-45-49,experimental_caliber_tests_and_regression,口径检验与探索性回归,outputs/figures/experimental_caliber_tests/20260605_184549/experimental_caliber_lag_type_distribution_20260605_184549.png,organized_outputs/by_time_and_topic/2026-06-05_18-45-49__experimental_caliber_tests_and_regression/2026-06-05_18-45-49__experimental_caliber_tests_and_regression__experimental_caliber_lag_type_distribution_20260605_184549.png,experimental_caliber_lag_type_distribution_20260605_184549.png,2026-06-05_18-45-49__experimental_caliber_tests_and_regression__experimental_caliber_lag_type_distribution_20260605_184549.png,.png,122400,
run_id_archive,20260605_184549,2026-06-05_18-45-49,experimental_caliber_tests_and_regression,口径检验与探索性回归,outputs/tables/experimental_caliber_tests/20260605_184549/experimental_caliber_regression_results_20260605_184549.xlsx,organized_outputs/by_time_and_topic/2026-06-05_18-45-49__experimental_caliber_tests_and_regression/2026-06-05_18-45-49__experimental_caliber_tests_and_regression__experimental_caliber_regression_results_20260605_184549.xlsx,experimental_caliber_regression_results_20260605_184549.xlsx,2026-06-05_18-45-49__experimental_caliber_tests_and_regression__experimental_caliber_regression_results_20260605_184549.xlsx,.xlsx,33583,
run_id_archive,20260605_184549,2026-06-05_18-45-49,experimental_caliber_tests_and_regression,口径检验与探索性回归,outputs/tables/experimental_caliber_tests/20260605_184549/experimental_caliber_test_results_20260605_184549.xlsx,organized_outputs/by_time_and_topic/2026-06-05_18-45-49__experimental_caliber_tests_and_regression/2026-06-05_18-45-49__experimental_caliber_tests_and_regression__experimental_caliber_test_results_20260605_184549.xlsx,experimental_caliber_test_results_20260605_184549.xlsx,2026-06-05_18-45-49__experimental_caliber_tests_and_regression__experimental_caliber_test_results_20260605_184549.xlsx,.xlsx,15288,
run_id_archive,20260605_221247,2026-06-05_22-12-47,i_system_upgrade_assets_dictionary_plan,I端升级版资产回顾/词典/模板/复核计划,data/audit/i_system_upgrade/20260605_221247/i_system_upgrade_existing_data_inventory_20260605_221247.xlsx,organized_outputs/by_time_and_topic/2026-06-05_22-12-47__i_system_upgrade_assets_dictionary_plan/2026-06-05_22-12-47__i_system_upgrade_assets_dictionary_plan__i_system_upgrade_existing_data_inventory_20260605_221247.xlsx,i_system_upgrade_existing_data_inventory_20260605_221247.xlsx,2026-06-05_22-12-47__i_system_upgrade_assets_dictionary_plan__i_system_upgrade_existing_data_inventory_20260605_221247.xlsx,.xlsx,11947,
run_id_archive,20260605_221247,2026-06-05_22-12-47,i_system_upgrade_assets_dictionary_plan,I端升级版资产回顾/词典/模板/复核计划,data/audit/i_system_upgrade/20260605_221247/i_system_upgrade_manifest_20260605_221247.json,organized_outputs/by_time_and_topic/2026-06-05_22-12-47__i_system_upgrade_assets_dictionary_plan/2026-06-05_22-12-47__i_system_upgrade_assets_dictionary_plan__i_system_upgrade_manifest_20260605_221247.json,i_system_upgrade_manifest_20260605_221247.json,2026-06-05_22-12-47__i_system_upgrade_assets_dictionary_plan__i_system_upgrade_manifest_20260605_221247.json,.json,2059,
run_id_archive,20260605_221247,2026-06-05_22-12-47,i_system_upgrade_assets_dictionary_plan,I端升级版资产回顾/词典/模板/复核计划,data/audit/i_system_upgrade/20260605_221247/i_system_upgrade_quanzhou_2019_2020_recheck_plan_20260605_221247.md,organized_outputs/by_time_and_topic/2026-06-05_22-12-47__i_system_upgrade_assets_dictionary_plan/2026-06-05_22-12-47__i_system_upgrade_assets_dictionary_plan__i_system_upgrade_quanzhou_2019_2020_recheck_plan_20260605_221247.md,i_system_upgrade_quanzhou_2019_2020_recheck_plan_20260605_221247.md,2026-06-05_22-12-47__i_system_upgrade_assets_dictionary_plan__i_system_upgrade_quanzhou_2019_2020_recheck_plan_20260605_221247.md,.md,2182,
run_id_archive,20260605_221247,2026-06-05_22-12-47,i_system_upgrade_assets_dictionary_plan,I端升级版资产回顾/词典/模板/复核计划,data/interim/i_system_upgrade/20260605_221247/i_system_upgrade_job_posting_candidates_template_20260605_221247.xlsx,organized_outputs/by_time_and_topic/2026-06-05_22-12-47__i_system_upgrade_assets_dictionary_plan/2026-06-05_22-12-47__i_system_upgrade_assets_dictionary_plan__i_system_upgrade_job_posting_candidates_template_20260605_221247.xlsx,i_system_upgrade_job_posting_candidates_template_20260605_221247.xlsx,2026-06-05_22-12-47__i_system_upgrade_assets_dictionary_plan__i_system_upgrade_job_posting_candidates_template_20260605_221247.xlsx,.xlsx,7939,
run_id_archive,20260605_221247,2026-06-05_22-12-47,i_system_upgrade_assets_dictionary_plan,I端升级版资产回顾/词典/模板/复核计划,data/panel/i_system_upgrade/20260605_221247/i_system_upgrade_job_city_year_panel_template_20260605_221247.xlsx,organized_outputs/by_time_and_topic/2026-06-05_22-12-47__i_system_upgrade_assets_dictionary_plan/2026-06-05_22-12-47__i_system_upgrade_assets_dictionary_plan__i_system_upgrade_job_city_year_panel_template_20260605_221247.xlsx,i_system_upgrade_job_city_year_panel_template_20260605_221247.xlsx,2026-06-05_22-12-47__i_system_upgrade_assets_dictionary_plan__i_system_upgrade_job_city_year_panel_template_20260605_221247.xlsx,.xlsx,7635,
run_id_archive,20260606_090632,2026-06-06_09-06-32,i_system_upgrade_collection_template_run,I端岗位技能采集模板运行,data/audit/i_system_upgrade/20260606_090632/i_system_upgrade_collect_manifest_20260606_090632.json,organized_outputs/by_time_and_topic/2026-06-06_09-06-32__i_system_upgrade_collection_template_run/2026-06-06_09-06-32__i_system_upgrade_collection_template_run__i_system_upgrade_collect_manifest_20260606_090632.json,i_system_upgrade_collect_manifest_20260606_090632.json,2026-06-06_09-06-32__i_system_upgrade_collection_template_run__i_system_upgrade_collect_manifest_20260606_090632.json,.json,2036,
run_id_archive,20260606_090632,2026-06-06_09-06-32,i_system_upgrade_collection_template_run,I端岗位技能采集模板运行,data/interim/i_system_upgrade/20260606_090632/i_system_upgrade_job_posting_candidates_20260606_090632.xlsx,organized_outputs/by_time_and_topic/2026-06-06_09-06-32__i_system_upgrade_collection_template_run/2026-06-06_09-06-32__i_system_upgrade_collection_template_run__i_system_upgrade_job_posting_candidates_20260606_090632.xlsx,i_system_upgrade_job_posting_candidates_20260606_090632.xlsx,2026-06-06_09-06-32__i_system_upgrade_collection_template_run__i_system_upgrade_job_posting_candidates_20260606_090632.xlsx,.xlsx,6293,
run_id_archive,20260606_090632,2026-06-06_09-06-32,i_system_upgrade_collection_template_run,I端岗位技能采集模板运行,data/panel/i_system_upgrade/20260606_090632/i_system_upgrade_job_city_year_panel_20260606_090632.xlsx,organized_outputs/by_time_and_topic/2026-06-06_09-06-32__i_system_upgrade_collection_template_run/2026-06-06_09-06-32__i_system_upgrade_collection_template_run__i_system_upgrade_job_city_year_panel_20260606_090632.xlsx,i_system_upgrade_job_city_year_panel_20260606_090632.xlsx,2026-06-06_09-06-32__i_system_upgrade_collection_template_run__i_system_upgrade_job_city_year_panel_20260606_090632.xlsx,.xlsx,5573,
run_id_archive,20260606_092558,2026-06-06_09-25-58,quanzhou_2019_2020_official_job_skill_pilot,泉州2019/2020官方岗位技能试点采集,data/audit/i_system_upgrade/20260606_092558/i_system_upgrade_quanzhou_2019_2020_collection_report_20260606_092558.md,organized_outputs/by_time_and_topic/2026-06-06_09-25-58__quanzhou_2019_2020_official_job_skill_pilot/2026-06-06_09-25-58__quanzhou_2019_2020_official_job_skill_pilot__i_system_upgrade_quanzhou_2019_2020_collection_report_20260606_092558.md,i_system_upgrade_quanzhou_2019_2020_collection_report_20260606_092558.md,2026-06-06_09-25-58__quanzhou_2019_2020_official_job_skill_pilot__i_system_upgrade_quanzhou_2019_2020_collection_report_20260606_092558.md,.md,7369,
run_id_archive,20260606_092558,2026-06-06_09-25-58,quanzhou_2019_2020_official_job_skill_pilot,泉州2019/2020官方岗位技能试点采集,data/audit/i_system_upgrade/20260606_092558/i_system_upgrade_quanzhou_2019_2020_manifest_20260606_092558.json,organized_outputs/by_time_and_topic/2026-06-06_09-25-58__quanzhou_2019_2020_official_job_skill_pilot/2026-06-06_09-25-58__quanzhou_2019_2020_official_job_skill_pilot__i_system_upgrade_quanzhou_2019_2020_manifest_20260606_092558.json,i_system_upgrade_quanzhou_2019_2020_manifest_20260606_092558.json,2026-06-06_09-25-58__quanzhou_2019_2020_official_job_skill_pilot__i_system_upgrade_quanzhou_2019_2020_manifest_20260606_092558.json,.json,2324,
run_id_archive,20260606_092558,2026-06-06_09-25-58,quanzhou_2019_2020_official_job_skill_pilot,泉州2019/2020官方岗位技能试点采集,data/interim/i_system_upgrade/20260606_092558/i_system_upgrade_quanzhou_2019_2020_official_job_candidates_20260606_092558.xlsx,organized_outputs/by_time_and_topic/2026-06-06_09-25-58__quanzhou_2019_2020_official_job_skill_pilot/2026-06-06_09-25-58__quanzhou_2019_2020_official_job_skill_pilot__i_system_upgrade_quanzhou_2019_2020_official_job_candidates_20260606_092558.xlsx,i_system_upgrade_quanzhou_2019_2020_official_job_candidates_20260606_092558.xlsx,2026-06-06_09-25-58__quanzhou_2019_2020_official_job_skill_pilot__i_system_upgrade_quanzhou_2019_2020_official_job_candidates_20260606_092558.xlsx,.xlsx,14804,
run_id_archive,20260606_092558,2026-06-06_09-25-58,quanzhou_2019_2020_official_job_skill_pilot,泉州2019/2020官方岗位技能试点采集,data/panel/i_system_upgrade/20260606_092558/i_system_upgrade_quanzhou_2019_2020_job_city_year_panel_20260606_092558.xlsx,organized_outputs/by_time_and_topic/2026-06-06_09-25-58__quanzhou_2019_2020_official_job_skill_pilot/2026-06-06_09-25-58__quanzhou_2019_2020_official_job_skill_pilot__i_system_upgrade_quanzhou_2019_2020_job_city_year_panel_20260606_092558.xlsx,i_system_upgrade_quanzhou_2019_2020_job_city_year_panel_20260606_092558.xlsx,2026-06-06_09-25-58__quanzhou_2019_2020_official_job_skill_pilot__i_system_upgrade_quanzhou_2019_2020_job_city_year_panel_20260606_092558.xlsx,.xlsx,5863,
run_id_archive,20260606_092558,2026-06-06_09-25-58,quanzhou_2019_2020_official_job_skill_pilot,泉州2019/2020官方岗位技能试点采集,outputs/tables/i_system_upgrade/20260606_092558/i_system_upgrade_quanzhou_2019_2020_collection_summary_20260606_092558.xlsx,organized_outputs/by_time_and_topic/2026-06-06_09-25-58__quanzhou_2019_2020_official_job_skill_pilot/2026-06-06_09-25-58__quanzhou_2019_2020_official_job_skill_pilot__i_system_upgrade_quanzhou_2019_2020_collection_summary_20260606_092558.xlsx,i_system_upgrade_quanzhou_2019_2020_collection_summary_20260606_092558.xlsx,2026-06-06_09-25-58__quanzhou_2019_2020_official_job_skill_pilot__i_system_upgrade_quanzhou_2019_2020_collection_summary_20260606_092558.xlsx,.xlsx,11434,
run_id_archive,20260606_100516,2026-06-06_10-05-16,ei_system_boundary_audit_initial,E/I系统边界审计初版,data/audit/system_boundary_audit/20260606_100516/system_boundary_audit_file_inventory_20260606_100516.xlsx,organized_outputs/by_time_and_topic/2026-06-06_10-05-16__ei_system_boundary_audit_initial/2026-06-06_10-05-16__ei_system_boundary_audit_initial__system_boundary_audit_file_inventory_20260606_100516.xlsx,system_boundary_audit_file_inventory_20260606_100516.xlsx,2026-06-06_10-05-16__ei_system_boundary_audit_initial__system_boundary_audit_file_inventory_20260606_100516.xlsx,.xlsx,13684,
run_id_archive,20260606_100516,2026-06-06_10-05-16,ei_system_boundary_audit_initial,E/I系统边界审计初版,data/audit/system_boundary_audit/20260606_100516/system_boundary_audit_report_20260606_100516.md,organized_outputs/by_time_and_topic/2026-06-06_10-05-16__ei_system_boundary_audit_initial/2026-06-06_10-05-16__ei_system_boundary_audit_initial__system_boundary_audit_report_20260606_100516.md,system_boundary_audit_report_20260606_100516.md,2026-06-06_10-05-16__ei_system_boundary_audit_initial__system_boundary_audit_report_20260606_100516.md,.md,10981,
run_id_archive,20260606_100516,2026-06-06_10-05-16,ei_system_boundary_audit_initial,E/I系统边界审计初版,data/interim/system_boundary_audit/20260606_100516/system_boundary_audit_job_record_review_20260606_100516.xlsx,organized_outputs/by_time_and_topic/2026-06-06_10-05-16__ei_system_boundary_audit_initial/2026-06-06_10-05-16__ei_system_boundary_audit_initial__system_boundary_audit_job_record_review_20260606_100516.xlsx,system_boundary_audit_job_record_review_20260606_100516.xlsx,2026-06-06_10-05-16__ei_system_boundary_audit_initial__system_boundary_audit_job_record_review_20260606_100516.xlsx,.xlsx,34442,
run_id_archive,20260606_100516,2026-06-06_10-05-16,ei_system_boundary_audit_initial,E/I系统边界审计初版,data/interim/system_boundary_audit/20260606_100516/system_boundary_corrected_mapping_template_20260606_100516.xlsx,organized_outputs/by_time_and_topic/2026-06-06_10-05-16__ei_system_boundary_audit_initial/2026-06-06_10-05-16__ei_system_boundary_audit_initial__system_boundary_corrected_mapping_template_20260606_100516.xlsx,system_boundary_corrected_mapping_template_20260606_100516.xlsx,2026-06-06_10-05-16__ei_system_boundary_audit_initial__system_boundary_corrected_mapping_template_20260606_100516.xlsx,.xlsx,11527,
run_id_archive,20260606_171849,2026-06-06_17-18-49,quanzhou_private_digital_boundary_collect_v1,泉州民企数字化岗位采集与边界维护 v1,data/audit/system_boundary_audit/20260606_171849/system_boundary_audit_manifest_20260606_171849.json,organized_outputs/by_time_and_topic/2026-06-06_17-18-49__quanzhou_private_digital_boundary_collect_v1/2026-06-06_17-18-49__quanzhou_private_digital_boundary_collect_v1__system_boundary_audit_manifest_20260606_171849.json,system_boundary_audit_manifest_20260606_171849.json,2026-06-06_17-18-49__quanzhou_private_digital_boundary_collect_v1__system_boundary_audit_manifest_20260606_171849.json,.json,2245,
run_id_archive,20260606_171849,2026-06-06_17-18-49,quanzhou_private_digital_boundary_collect_v1,泉州民企数字化岗位采集与边界维护 v1,data/audit/system_boundary_audit/20260606_171849/system_boundary_audit_report_20260606_171849.md,organized_outputs/by_time_and_topic/2026-06-06_17-18-49__quanzhou_private_digital_boundary_collect_v1/2026-06-06_17-18-49__quanzhou_private_digital_boundary_collect_v1__system_boundary_audit_report_20260606_171849.md,system_boundary_audit_report_20260606_171849.md,2026-06-06_17-18-49__quanzhou_private_digital_boundary_collect_v1__system_boundary_audit_report_20260606_171849.md,.md,6330,
run_id_archive,20260606_171849,2026-06-06_17-18-49,quanzhou_private_digital_boundary_collect_v1,泉州民企数字化岗位采集与边界维护 v1,data/interim/i_system_upgrade/20260606_171849/i_system_upgrade_quanzhou_2019_2020_private_digital_official_job_candidates_20260606_171849.xlsx,organized_outputs/by_time_and_topic/2026-06-06_17-18-49__quanzhou_private_digital_boundary_collect_v1/2026-06-06_17-18-49__quanzhou_private_digital_boundary_collect_v1__i_system_upgrade_quanzhou_2019_2020_private_digital_official_job_candidates_20260606_171849.xlsx,i_system_upgrade_quanzhou_2019_2020_private_digital_official_job_candidates_20260606_171849.xlsx,2026-06-06_17-18-49__quanzhou_private_digital_boundary_collect_v1__i_system_upgrade_quanzhou_2019_2020_private_digital_official_job_candidates_20260606_171849.xlsx,.xlsx,21739,
run_id_archive,20260606_171849,2026-06-06_17-18-49,quanzhou_private_digital_boundary_collect_v1,泉州民企数字化岗位采集与边界维护 v1,data/interim/system_boundary_audit/20260606_171849/system_boundary_audit_job_record_review_20260606_171849.xlsx,organized_outputs/by_time_and_topic/2026-06-06_17-18-49__quanzhou_private_digital_boundary_collect_v1/2026-06-06_17-18-49__quanzhou_private_digital_boundary_collect_v1__system_boundary_audit_job_record_review_20260606_171849.xlsx,system_boundary_audit_job_record_review_20260606_171849.xlsx,2026-06-06_17-18-49__quanzhou_private_digital_boundary_collect_v1__system_boundary_audit_job_record_review_20260606_171849.xlsx,.xlsx,28169,
run_id_archive,20260606_171849,2026-06-06_17-18-49,quanzhou_private_digital_boundary_collect_v1,泉州民企数字化岗位采集与边界维护 v1,data/interim/system_boundary_audit/20260606_171849/system_boundary_corrected_mapping_template_20260606_171849.xlsx,organized_outputs/by_time_and_topic/2026-06-06_17-18-49__quanzhou_private_digital_boundary_collect_v1/2026-06-06_17-18-49__quanzhou_private_digital_boundary_collect_v1__system_boundary_corrected_mapping_template_20260606_171849.xlsx,system_boundary_corrected_mapping_template_20260606_171849.xlsx,2026-06-06_17-18-49__quanzhou_private_digital_boundary_collect_v1__system_boundary_corrected_mapping_template_20260606_171849.xlsx,.xlsx,8315,
run_id_archive,20260606_171849,2026-06-06_17-18-49,quanzhou_private_digital_boundary_collect_v1,泉州民企数字化岗位采集与边界维护 v1,data/panel/i_system_upgrade/20260606_171849/i_system_upgrade_quanzhou_2019_2020_private_digital_job_city_year_panel_20260606_171849.xlsx,organized_outputs/by_time_and_topic/2026-06-06_17-18-49__quanzhou_private_digital_boundary_collect_v1/2026-06-06_17-18-49__quanzhou_private_digital_boundary_collect_v1__i_system_upgrade_quanzhou_2019_2020_private_digital_job_city_year_panel_20260606_171849.xlsx,i_system_upgrade_quanzhou_2019_2020_private_digital_job_city_year_panel_20260606_171849.xlsx,2026-06-06_17-18-49__quanzhou_private_digital_boundary_collect_v1__i_system_upgrade_quanzhou_2019_2020_private_digital_job_city_year_panel_20260606_171849.xlsx,.xlsx,5766,
run_id_archive,20260606_171849,2026-06-06_17-18-49,quanzhou_private_digital_boundary_collect_v1,泉州民企数字化岗位采集与边界维护 v1,outputs/tables/i_system_upgrade/20260606_171849/i_system_upgrade_quanzhou_2019_2020_job_city_year_panel_20260606_171849.xlsx,organized_outputs/by_time_and_topic/2026-06-06_17-18-49__quanzhou_private_digital_boundary_collect_v1/2026-06-06_17-18-49__quanzhou_private_digital_boundary_collect_v1__i_system_upgrade_quanzhou_2019_2020_job_city_year_panel_20260606_171849.xlsx,i_system_upgrade_quanzhou_2019_2020_job_city_year_panel_20260606_171849.xlsx,2026-06-06_17-18-49__quanzhou_private_digital_boundary_collect_v1__i_system_upgrade_quanzhou_2019_2020_job_city_year_panel_20260606_171849.xlsx,.xlsx,5766,
run_id_archive,20260606_171849,2026-06-06_17-18-49,quanzhou_private_digital_boundary_collect_v1,泉州民企数字化岗位采集与边界维护 v1,outputs/tables/i_system_upgrade/20260606_171849/i_system_upgrade_quanzhou_2019_2020_official_job_candidates_20260606_171849.xlsx,organized_outputs/by_time_and_topic/2026-06-06_17-18-49__quanzhou_private_digital_boundary_collect_v1/2026-06-06_17-18-49__quanzhou_private_digital_boundary_collect_v1__i_system_upgrade_quanzhou_2019_2020_official_job_candidates_20260606_171849.xlsx,i_system_upgrade_quanzhou_2019_2020_official_job_candidates_20260606_171849.xlsx,2026-06-06_17-18-49__quanzhou_private_digital_boundary_collect_v1__i_system_upgrade_quanzhou_2019_2020_official_job_candidates_20260606_171849.xlsx,.xlsx,21739,
run_id_archive,20260606_171940,2026-06-06_17-19-40,quanzhou_private_digital_boundary_collect_v2,泉州民企数字化岗位采集与边界维护 v2,data/audit/system_boundary_audit/20260606_171940/system_boundary_audit_manifest_20260606_171940.json,organized_outputs/by_time_and_topic/2026-06-06_17-19-40__quanzhou_private_digital_boundary_collect_v2/2026-06-06_17-19-40__quanzhou_private_digital_boundary_collect_v2__system_boundary_audit_manifest_20260606_171940.json,system_boundary_audit_manifest_20260606_171940.json,2026-06-06_17-19-40__quanzhou_private_digital_boundary_collect_v2__system_boundary_audit_manifest_20260606_171940.json,.json,2245,
run_id_archive,20260606_171940,2026-06-06_17-19-40,quanzhou_private_digital_boundary_collect_v2,泉州民企数字化岗位采集与边界维护 v2,data/audit/system_boundary_audit/20260606_171940/system_boundary_audit_report_20260606_171940.md,organized_outputs/by_time_and_topic/2026-06-06_17-19-40__quanzhou_private_digital_boundary_collect_v2/2026-06-06_17-19-40__quanzhou_private_digital_boundary_collect_v2__system_boundary_audit_report_20260606_171940.md,system_boundary_audit_report_20260606_171940.md,2026-06-06_17-19-40__quanzhou_private_digital_boundary_collect_v2__system_boundary_audit_report_20260606_171940.md,.md,6326,
run_id_archive,20260606_171940,2026-06-06_17-19-40,quanzhou_private_digital_boundary_collect_v2,泉州民企数字化岗位采集与边界维护 v2,data/interim/i_system_upgrade/20260606_171940/i_system_upgrade_quanzhou_2019_2020_private_digital_official_job_candidates_20260606_171940.xlsx,organized_outputs/by_time_and_topic/2026-06-06_17-19-40__quanzhou_private_digital_boundary_collect_v2/2026-06-06_17-19-40__quanzhou_private_digital_boundary_collect_v2__i_system_upgrade_quanzhou_2019_2020_private_digital_official_job_candidates_20260606_171940.xlsx,i_system_upgrade_quanzhou_2019_2020_private_digital_official_job_candidates_20260606_171940.xlsx,2026-06-06_17-19-40__quanzhou_private_digital_boundary_collect_v2__i_system_upgrade_quanzhou_2019_2020_private_digital_official_job_candidates_20260606_171940.xlsx,.xlsx,21951,
run_id_archive,20260606_171940,2026-06-06_17-19-40,quanzhou_private_digital_boundary_collect_v2,泉州民企数字化岗位采集与边界维护 v2,data/interim/system_boundary_audit/20260606_171940/system_boundary_audit_job_record_review_20260606_171940.xlsx,organized_outputs/by_time_and_topic/2026-06-06_17-19-40__quanzhou_private_digital_boundary_collect_v2/2026-06-06_17-19-40__quanzhou_private_digital_boundary_collect_v2__system_boundary_audit_job_record_review_20260606_171940.xlsx,system_boundary_audit_job_record_review_20260606_171940.xlsx,2026-06-06_17-19-40__quanzhou_private_digital_boundary_collect_v2__system_boundary_audit_job_record_review_20260606_171940.xlsx,.xlsx,28051,
run_id_archive,20260606_171940,2026-06-06_17-19-40,quanzhou_private_digital_boundary_collect_v2,泉州民企数字化岗位采集与边界维护 v2,data/interim/system_boundary_audit/20260606_171940/system_boundary_corrected_mapping_template_20260606_171940.xlsx,organized_outputs/by_time_and_topic/2026-06-06_17-19-40__quanzhou_private_digital_boundary_collect_v2/2026-06-06_17-19-40__quanzhou_private_digital_boundary_collect_v2__system_boundary_corrected_mapping_template_20260606_171940.xlsx,system_boundary_corrected_mapping_template_20260606_171940.xlsx,2026-06-06_17-19-40__quanzhou_private_digital_boundary_collect_v2__system_boundary_corrected_mapping_template_20260606_171940.xlsx,.xlsx,8380,
run_id_archive,20260606_171940,2026-06-06_17-19-40,quanzhou_private_digital_boundary_collect_v2,泉州民企数字化岗位采集与边界维护 v2,data/panel/i_system_upgrade/20260606_171940/i_system_upgrade_quanzhou_2019_2020_private_digital_job_city_year_panel_20260606_171940.xlsx,organized_outputs/by_time_and_topic/2026-06-06_17-19-40__quanzhou_private_digital_boundary_collect_v2/2026-06-06_17-19-40__quanzhou_private_digital_boundary_collect_v2__i_system_upgrade_quanzhou_2019_2020_private_digital_job_city_year_panel_20260606_171940.xlsx,i_system_upgrade_quanzhou_2019_2020_private_digital_job_city_year_panel_20260606_171940.xlsx,2026-06-06_17-19-40__quanzhou_private_digital_boundary_collect_v2__i_system_upgrade_quanzhou_2019_2020_private_digital_job_city_year_panel_20260606_171940.xlsx,.xlsx,5760,
run_id_archive,20260606_171940,2026-06-06_17-19-40,quanzhou_private_digital_boundary_collect_v2,泉州民企数字化岗位采集与边界维护 v2,outputs/tables/i_system_upgrade/20260606_171940/i_system_upgrade_quanzhou_2019_2020_job_city_year_panel_20260606_171940.xlsx,organized_outputs/by_time_and_topic/2026-06-06_17-19-40__quanzhou_private_digital_boundary_collect_v2/2026-06-06_17-19-40__quanzhou_private_digital_boundary_collect_v2__i_system_upgrade_quanzhou_2019_2020_job_city_year_panel_20260606_171940.xlsx,i_system_upgrade_quanzhou_2019_2020_job_city_year_panel_20260606_171940.xlsx,2026-06-06_17-19-40__quanzhou_private_digital_boundary_collect_v2__i_system_upgrade_quanzhou_2019_2020_job_city_year_panel_20260606_171940.xlsx,.xlsx,5760,
run_id_archive,20260606_171940,2026-06-06_17-19-40,quanzhou_private_digital_boundary_collect_v2,泉州民企数字化岗位采集与边界维护 v2,outputs/tables/i_system_upgrade/20260606_171940/i_system_upgrade_quanzhou_2019_2020_official_job_candidates_20260606_171940.xlsx,organized_outputs/by_time_and_topic/2026-06-06_17-19-40__quanzhou_private_digital_boundary_collect_v2/2026-06-06_17-19-40__quanzhou_private_digital_boundary_collect_v2__i_system_upgrade_quanzhou_2019_2020_official_job_candidates_20260606_171940.xlsx,i_system_upgrade_quanzhou_2019_2020_official_job_candidates_20260606_171940.xlsx,2026-06-06_17-19-40__quanzhou_private_digital_boundary_collect_v2__i_system_upgrade_quanzhou_2019_2020_official_job_candidates_20260606_171940.xlsx,.xlsx,21951,
run_id_archive,20260606_172026,2026-06-06_17-20-26,quanzhou_private_digital_boundary_collect_latest,泉州民企数字化岗位采集与边界维护最终版,data/audit/system_boundary_audit/20260606_172026/system_boundary_audit_manifest_20260606_172026.json,organized_outputs/by_time_and_topic/2026-06-06_17-20-26__quanzhou_private_digital_boundary_collect_latest/2026-06-06_17-20-26__quanzhou_private_digital_boundary_collect_latest__system_boundary_audit_manifest_20260606_172026.json,system_boundary_audit_manifest_20260606_172026.json,2026-06-06_17-20-26__quanzhou_private_digital_boundary_collect_latest__system_boundary_audit_manifest_20260606_172026.json,.json,2245,
run_id_archive,20260606_172026,2026-06-06_17-20-26,quanzhou_private_digital_boundary_collect_latest,泉州民企数字化岗位采集与边界维护最终版,data/audit/system_boundary_audit/20260606_172026/system_boundary_audit_report_20260606_172026.md,organized_outputs/by_time_and_topic/2026-06-06_17-20-26__quanzhou_private_digital_boundary_collect_latest/2026-06-06_17-20-26__quanzhou_private_digital_boundary_collect_latest__system_boundary_audit_report_20260606_172026.md,system_boundary_audit_report_20260606_172026.md,2026-06-06_17-20-26__quanzhou_private_digital_boundary_collect_latest__system_boundary_audit_report_20260606_172026.md,.md,6326,
run_id_archive,20260606_172026,2026-06-06_17-20-26,quanzhou_private_digital_boundary_collect_latest,泉州民企数字化岗位采集与边界维护最终版,data/interim/i_system_upgrade/20260606_172026/i_system_upgrade_quanzhou_2019_2020_private_digital_official_job_candidates_20260606_172026.xlsx,organized_outputs/by_time_and_topic/2026-06-06_17-20-26__quanzhou_private_digital_boundary_collect_latest/2026-06-06_17-20-26__quanzhou_private_digital_boundary_collect_latest__i_system_upgrade_quanzhou_2019_2020_private_digital_official_job_candidates_20260606_172026.xlsx,i_system_upgrade_quanzhou_2019_2020_private_digital_official_job_candidates_20260606_172026.xlsx,2026-06-06_17-20-26__quanzhou_private_digital_boundary_collect_latest__i_system_upgrade_quanzhou_2019_2020_private_digital_official_job_candidates_20260606_172026.xlsx,.xlsx,21950,
run_id_archive,20260606_172026,2026-06-06_17-20-26,quanzhou_private_digital_boundary_collect_latest,泉州民企数字化岗位采集与边界维护最终版,data/interim/system_boundary_audit/20260606_172026/system_boundary_audit_job_record_review_20260606_172026.xlsx,organized_outputs/by_time_and_topic/2026-06-06_17-20-26__quanzhou_private_digital_boundary_collect_latest/2026-06-06_17-20-26__quanzhou_private_digital_boundary_collect_latest__system_boundary_audit_job_record_review_20260606_172026.xlsx,system_boundary_audit_job_record_review_20260606_172026.xlsx,2026-06-06_17-20-26__quanzhou_private_digital_boundary_collect_latest__system_boundary_audit_job_record_review_20260606_172026.xlsx,.xlsx,28050,
run_id_archive,20260606_172026,2026-06-06_17-20-26,quanzhou_private_digital_boundary_collect_latest,泉州民企数字化岗位采集与边界维护最终版,data/interim/system_boundary_audit/20260606_172026/system_boundary_corrected_mapping_template_20260606_172026.xlsx,organized_outputs/by_time_and_topic/2026-06-06_17-20-26__quanzhou_private_digital_boundary_collect_latest/2026-06-06_17-20-26__quanzhou_private_digital_boundary_collect_latest__system_boundary_corrected_mapping_template_20260606_172026.xlsx,system_boundary_corrected_mapping_template_20260606_172026.xlsx,2026-06-06_17-20-26__quanzhou_private_digital_boundary_collect_latest__system_boundary_corrected_mapping_template_20260606_172026.xlsx,.xlsx,8379,
run_id_archive,20260606_172026,2026-06-06_17-20-26,quanzhou_private_digital_boundary_collect_latest,泉州民企数字化岗位采集与边界维护最终版,data/panel/i_system_upgrade/20260606_172026/i_system_upgrade_quanzhou_2019_2020_private_digital_job_city_year_panel_20260606_172026.xlsx,organized_outputs/by_time_and_topic/2026-06-06_17-20-26__quanzhou_private_digital_boundary_collect_latest/2026-06-06_17-20-26__quanzhou_private_digital_boundary_collect_latest__i_system_upgrade_quanzhou_2019_2020_private_digital_job_city_year_panel_20260606_172026.xlsx,i_system_upgrade_quanzhou_2019_2020_private_digital_job_city_year_panel_20260606_172026.xlsx,2026-06-06_17-20-26__quanzhou_private_digital_boundary_collect_latest__i_system_upgrade_quanzhou_2019_2020_private_digital_job_city_year_panel_20260606_172026.xlsx,.xlsx,5759,
run_id_archive,20260606_172026,2026-06-06_17-20-26,quanzhou_private_digital_boundary_collect_latest,泉州民企数字化岗位采集与边界维护最终版,outputs/tables/i_system_upgrade/20260606_172026/i_system_upgrade_quanzhou_2019_2020_job_city_year_panel_20260606_172026.xlsx,organized_outputs/by_time_and_topic/2026-06-06_17-20-26__quanzhou_private_digital_boundary_collect_latest/2026-06-06_17-20-26__quanzhou_private_digital_boundary_collect_latest__i_system_upgrade_quanzhou_2019_2020_job_city_year_panel_20260606_172026.xlsx,i_system_upgrade_quanzhou_2019_2020_job_city_year_panel_20260606_172026.xlsx,2026-06-06_17-20-26__quanzhou_private_digital_boundary_collect_latest__i_system_upgrade_quanzhou_2019_2020_job_city_year_panel_20260606_172026.xlsx,.xlsx,5759,
run_id_archive,20260606_172026,2026-06-06_17-20-26,quanzhou_private_digital_boundary_collect_latest,泉州民企数字化岗位采集与边界维护最终版,outputs/tables/i_system_upgrade/20260606_172026/i_system_upgrade_quanzhou_2019_2020_official_job_candidates_20260606_172026.xlsx,organized_outputs/by_time_and_topic/2026-06-06_17-20-26__quanzhou_private_digital_boundary_collect_latest/2026-06-06_17-20-26__quanzhou_private_digital_boundary_collect_latest__i_system_upgrade_quanzhou_2019_2020_official_job_candidates_20260606_172026.xlsx,i_system_upgrade_quanzhou_2019_2020_official_job_candidates_20260606_172026.xlsx,2026-06-06_17-20-26__quanzhou_private_digital_boundary_collect_latest__i_system_upgrade_quanzhou_2019_2020_official_job_candidates_20260606_172026.xlsx,.xlsx,21950,
run_id_archive,20260606_173441,2026-06-06_17-34-41,xiamen_2022_EB_pdf_recheck_initial,厦门2022 E端B口径招生计划补齐初版,data/audit/e_system_recheck/20260606_173441/xiamen_2022_E_B_recheck_report_20260606_173441.md,organized_outputs/by_time_and_topic/2026-06-06_17-34-41__xiamen_2022_EB_pdf_recheck_initial/2026-06-06_17-34-41__xiamen_2022_EB_pdf_recheck_initial__xiamen_2022_E_B_recheck_report_20260606_173441.md,xiamen_2022_E_B_recheck_report_20260606_173441.md,2026-06-06_17-34-41__xiamen_2022_EB_pdf_recheck_initial__xiamen_2022_E_B_recheck_report_20260606_173441.md,.md,4632,
run_id_archive,20260606_173441,2026-06-06_17-34-41,xiamen_2022_EB_pdf_recheck_initial,厦门2022 E端B口径招生计划补齐初版,data/interim/e_system_recheck/20260606_173441/xiamen_2022_E_B_candidates_20260606_173441.xlsx,organized_outputs/by_time_and_topic/2026-06-06_17-34-41__xiamen_2022_EB_pdf_recheck_initial/2026-06-06_17-34-41__xiamen_2022_EB_pdf_recheck_initial__xiamen_2022_E_B_candidates_20260606_173441.xlsx,xiamen_2022_E_B_candidates_20260606_173441.xlsx,2026-06-06_17-34-41__xiamen_2022_EB_pdf_recheck_initial__xiamen_2022_E_B_candidates_20260606_173441.xlsx,.xlsx,43753,
run_id_archive,20260606_173441,2026-06-06_17-34-41,xiamen_2022_EB_pdf_recheck_initial,厦门2022 E端B口径招生计划补齐初版,data/panel/e_system_recheck/20260606_173441/xiamen_2022_E_B_city_year_summary_20260606_173441.xlsx,organized_outputs/by_time_and_topic/2026-06-06_17-34-41__xiamen_2022_EB_pdf_recheck_initial/2026-06-06_17-34-41__xiamen_2022_EB_pdf_recheck_initial__xiamen_2022_E_B_city_year_summary_20260606_173441.xlsx,xiamen_2022_E_B_city_year_summary_20260606_173441.xlsx,2026-06-06_17-34-41__xiamen_2022_EB_pdf_recheck_initial__xiamen_2022_E_B_city_year_summary_20260606_173441.xlsx,.xlsx,9853,
run_id_archive,20260606_173529,2026-06-06_17-35-29,xiamen_2022_EB_pdf_recheck,厦门2022 E端B口径招生计划补齐复核,data/audit/e_system_recheck/20260606_173529/xiamen_2022_E_B_recheck_report_20260606_173529.md,organized_outputs/by_time_and_topic/2026-06-06_17-35-29__xiamen_2022_EB_pdf_recheck/2026-06-06_17-35-29__xiamen_2022_EB_pdf_recheck__xiamen_2022_E_B_recheck_report_20260606_173529.md,xiamen_2022_E_B_recheck_report_20260606_173529.md,2026-06-06_17-35-29__xiamen_2022_EB_pdf_recheck__xiamen_2022_E_B_recheck_report_20260606_173529.md,.md,4626,
run_id_archive,20260606_173529,2026-06-06_17-35-29,xiamen_2022_EB_pdf_recheck,厦门2022 E端B口径招生计划补齐复核,data/interim/e_system_recheck/20260606_173529/xiamen_2022_E_B_candidates_20260606_173529.xlsx,organized_outputs/by_time_and_topic/2026-06-06_17-35-29__xiamen_2022_EB_pdf_recheck/2026-06-06_17-35-29__xiamen_2022_EB_pdf_recheck__xiamen_2022_E_B_candidates_20260606_173529.xlsx,xiamen_2022_E_B_candidates_20260606_173529.xlsx,2026-06-06_17-35-29__xiamen_2022_EB_pdf_recheck__xiamen_2022_E_B_candidates_20260606_173529.xlsx,.xlsx,43753,
run_id_archive,20260606_173529,2026-06-06_17-35-29,xiamen_2022_EB_pdf_recheck,厦门2022 E端B口径招生计划补齐复核,data/panel/e_system_recheck/20260606_173529/xiamen_2022_E_B_city_year_summary_20260606_173529.xlsx,organized_outputs/by_time_and_topic/2026-06-06_17-35-29__xiamen_2022_EB_pdf_recheck/2026-06-06_17-35-29__xiamen_2022_EB_pdf_recheck__xiamen_2022_E_B_city_year_summary_20260606_173529.xlsx,xiamen_2022_E_B_city_year_summary_20260606_173529.xlsx,2026-06-06_17-35-29__xiamen_2022_EB_pdf_recheck__xiamen_2022_E_B_city_year_summary_20260606_173529.xlsx,.xlsx,9853,
run_id_archive,20260607_092112,2026-06-07_09-21-12,hqu_campus_verification_initial,华侨大学校区归属核验初版,data/audit/e_system_recheck/20260607_092112/hqu_2019_2024_campus_verification_manifest_20260607_092112.json,organized_outputs/by_time_and_topic/2026-06-07_09-21-12__hqu_campus_verification_initial/2026-06-07_09-21-12__hqu_campus_verification_initial__hqu_2019_2024_campus_verification_manifest_20260607_092112.json,hqu_2019_2024_campus_verification_manifest_20260607_092112.json,2026-06-07_09-21-12__hqu_campus_verification_initial__hqu_2019_2024_campus_verification_manifest_20260607_092112.json,.json,8292,
run_id_archive,20260607_092112,2026-06-07_09-21-12,hqu_campus_verification_initial,华侨大学校区归属核验初版,data/audit/e_system_recheck/20260607_092112/hqu_2019_2024_campus_verification_report_20260607_092112.md,organized_outputs/by_time_and_topic/2026-06-07_09-21-12__hqu_campus_verification_initial/2026-06-07_09-21-12__hqu_campus_verification_initial__hqu_2019_2024_campus_verification_report_20260607_092112.md,hqu_2019_2024_campus_verification_report_20260607_092112.md,2026-06-07_09-21-12__hqu_campus_verification_initial__hqu_2019_2024_campus_verification_report_20260607_092112.md,.md,6053,
run_id_archive,20260607_092112,2026-06-07_09-21-12,hqu_campus_verification_initial,华侨大学校区归属核验初版,data/interim/e_system_recheck/20260607_092112/hqu_2019_2024_ai_major_campus_verification_20260607_092112.xlsx,organized_outputs/by_time_and_topic/2026-06-07_09-21-12__hqu_campus_verification_initial/2026-06-07_09-21-12__hqu_campus_verification_initial__hqu_2019_2024_ai_major_campus_verification_20260607_092112.xlsx,hqu_2019_2024_ai_major_campus_verification_20260607_092112.xlsx,2026-06-07_09-21-12__hqu_campus_verification_initial__hqu_2019_2024_ai_major_campus_verification_20260607_092112.xlsx,.xlsx,17508,
run_id_archive,20260607_092112,2026-06-07_09-21-12,hqu_campus_verification_initial,华侨大学校区归属核验初版,data/panel/e_system_recheck/20260607_092112/quanzhou_2019_2024_E_B_hqu_quanzhou_candidate_20260607_092112.xlsx,organized_outputs/by_time_and_topic/2026-06-07_09-21-12__hqu_campus_verification_initial/2026-06-07_09-21-12__hqu_campus_verification_initial__quanzhou_2019_2024_E_B_hqu_quanzhou_candidate_20260607_092112.xlsx,quanzhou_2019_2024_E_B_hqu_quanzhou_candidate_20260607_092112.xlsx,2026-06-07_09-21-12__hqu_campus_verification_initial__quanzhou_2019_2024_E_B_hqu_quanzhou_candidate_20260607_092112.xlsx,.xlsx,11008,
run_id_archive,20260607_092112,2026-06-07_09-21-12,hqu_campus_verification_initial,华侨大学校区归属核验初版,data/panel/e_system_recheck/20260607_092112/xiamen_2019_2024_E_B_reclassified_by_hqu_campus_20260607_092112.xlsx,organized_outputs/by_time_and_topic/2026-06-07_09-21-12__hqu_campus_verification_initial/2026-06-07_09-21-12__hqu_campus_verification_initial__xiamen_2019_2024_E_B_reclassified_by_hqu_campus_20260607_092112.xlsx,xiamen_2019_2024_E_B_reclassified_by_hqu_campus_20260607_092112.xlsx,2026-06-07_09-21-12__hqu_campus_verification_initial__xiamen_2019_2024_E_B_reclassified_by_hqu_campus_20260607_092112.xlsx,.xlsx,17129,
run_id_archive,20260607_094113,2026-06-07_09-41-13,hqu_campus_verification_final_year_rule,华侨大学校区归属核验-3+1按最后一年所在地,data/audit/e_system_recheck/20260607_094113/hqu_2019_2024_campus_verification_manifest_20260607_094113.json,organized_outputs/by_time_and_topic/2026-06-07_09-41-13__hqu_campus_verification_final_year_rule/2026-06-07_09-41-13__hqu_campus_verification_final_year_rule__hqu_2019_2024_campus_verification_manifest_20260607_094113.json,hqu_2019_2024_campus_verification_manifest_20260607_094113.json,2026-06-07_09-41-13__hqu_campus_verification_final_year_rule__hqu_2019_2024_campus_verification_manifest_20260607_094113.json,.json,8500,
run_id_archive,20260607_094113,2026-06-07_09-41-13,hqu_campus_verification_final_year_rule,华侨大学校区归属核验-3+1按最后一年所在地,data/audit/e_system_recheck/20260607_094113/hqu_2019_2024_campus_verification_report_20260607_094113.md,organized_outputs/by_time_and_topic/2026-06-07_09-41-13__hqu_campus_verification_final_year_rule/2026-06-07_09-41-13__hqu_campus_verification_final_year_rule__hqu_2019_2024_campus_verification_report_20260607_094113.md,hqu_2019_2024_campus_verification_report_20260607_094113.md,2026-06-07_09-41-13__hqu_campus_verification_final_year_rule__hqu_2019_2024_campus_verification_report_20260607_094113.md,.md,6249,
run_id_archive,20260607_094113,2026-06-07_09-41-13,hqu_campus_verification_final_year_rule,华侨大学校区归属核验-3+1按最后一年所在地,data/interim/e_system_recheck/20260607_094113/hqu_2019_2024_ai_major_campus_verification_20260607_094113.xlsx,organized_outputs/by_time_and_topic/2026-06-07_09-41-13__hqu_campus_verification_final_year_rule/2026-06-07_09-41-13__hqu_campus_verification_final_year_rule__hqu_2019_2024_ai_major_campus_verification_20260607_094113.xlsx,hqu_2019_2024_ai_major_campus_verification_20260607_094113.xlsx,2026-06-07_09-41-13__hqu_campus_verification_final_year_rule__hqu_2019_2024_ai_major_campus_verification_20260607_094113.xlsx,.xlsx,17515,
run_id_archive,20260607_094113,2026-06-07_09-41-13,hqu_campus_verification_final_year_rule,华侨大学校区归属核验-3+1按最后一年所在地,data/panel/e_system_recheck/20260607_094113/quanzhou_2019_2024_E_B_hqu_quanzhou_candidate_20260607_094113.xlsx,organized_outputs/by_time_and_topic/2026-06-07_09-41-13__hqu_campus_verification_final_year_rule/2026-06-07_09-41-13__hqu_campus_verification_final_year_rule__quanzhou_2019_2024_E_B_hqu_quanzhou_candidate_20260607_094113.xlsx,quanzhou_2019_2024_E_B_hqu_quanzhou_candidate_20260607_094113.xlsx,2026-06-07_09-41-13__hqu_campus_verification_final_year_rule__quanzhou_2019_2024_E_B_hqu_quanzhou_candidate_20260607_094113.xlsx,.xlsx,10562,
run_id_archive,20260607_094113,2026-06-07_09-41-13,hqu_campus_verification_final_year_rule,华侨大学校区归属核验-3+1按最后一年所在地,data/panel/e_system_recheck/20260607_094113/xiamen_2019_2024_E_B_reclassified_by_hqu_campus_20260607_094113.xlsx,organized_outputs/by_time_and_topic/2026-06-07_09-41-13__hqu_campus_verification_final_year_rule/2026-06-07_09-41-13__hqu_campus_verification_final_year_rule__xiamen_2019_2024_E_B_reclassified_by_hqu_campus_20260607_094113.xlsx,xiamen_2019_2024_E_B_reclassified_by_hqu_campus_20260607_094113.xlsx,2026-06-07_09-41-13__hqu_campus_verification_final_year_rule__xiamen_2019_2024_E_B_reclassified_by_hqu_campus_20260607_094113.xlsx,.xlsx,17162,
run_id_archive,20260607_094824,2026-06-07_09-48-24,three_city_EB_completed_panel,E端三市2019-2024 B基本口径补齐版面板,data/audit/e_system_recheck/20260607_094824/E_B_three_city_completion_report_20260607_094824.md,organized_outputs/by_time_and_topic/2026-06-07_09-48-24__three_city_EB_completed_panel/2026-06-07_09-48-24__three_city_EB_completed_panel__E_B_three_city_completion_report_20260607_094824.md,E_B_three_city_completion_report_20260607_094824.md,2026-06-07_09-48-24__three_city_EB_completed_panel__E_B_three_city_completion_report_20260607_094824.md,.md,2772,
run_id_archive,20260607_094824,2026-06-07_09-48-24,three_city_EB_completed_panel,E端三市2019-2024 B基本口径补齐版面板,data/panel/e_system_recheck/20260607_094824/E_B_three_city_2019_2024_completed_panel_20260607_094824.xlsx,organized_outputs/by_time_and_topic/2026-06-07_09-48-24__three_city_EB_completed_panel/2026-06-07_09-48-24__three_city_EB_completed_panel__E_B_three_city_2019_2024_completed_panel_20260607_094824.xlsx,E_B_three_city_2019_2024_completed_panel_20260607_094824.xlsx,2026-06-07_09-48-24__three_city_EB_completed_panel__E_B_three_city_2019_2024_completed_panel_20260607_094824.xlsx,.xlsx,15599,
